Nom;ID Producte;Preu;Promocions;Data
Barritas de cereales NESTLÉ Lion, caja 150 g;343680;2,75€/u;['70% Descuento en la 2ª Unidad'];11_04_2021
Cóctel fruta almíbar FRUITS DE PONENT, bote 840 g;338061;1,55€/u;['Precio Oferta', 'Producto de Segrià'];11_04_2021
Arroz risotto carnaroli EROSKI, paquete 1 kg;343772;1,49€/u;['Precio Oferta', 'Eroski', 'Producto nuevo'];11_04_2021
Fuet extra ORGANYA, pieza al peso;30099;17,65€/Kg;['Precio Oferta', 'Recién cortado'];11_04_2021
Longaniza de Pagés OBACH, al corte, pieza aprox. 450 g;30706;20,80€/Kg;['Precio Oferta', 'Recién cortado'];11_04_2021
Café molido Colombia BONKA, paquete 250 g;154101;2,75€/u;['50% Descuento en la 2ª Unidad'];11_04_2021
Caldo de carne La Abuela KNORR, brik 1 litro;257645;1,85€/u;['70% Descuento en la 2ª Unidad'];11_04_2021
Lay's horno Patatas fritas al horno 150g;277714;1,85€/u;['70% Descuento en la 2ª Unidad'];11_04_2021
Café en grano puro arábica BONKA, paquete 500 g;349364;5,99€/u;['50% Descuento en la 2ª Unidad'];11_04_2021
Café molido descafeinado BONKA, paquete 250 g + 10%;154199;3,09€/u;['50% Descuento en la 2ª Unidad'];11_04_2021
Café molido natural BONKA, paquete 250 g + 10%;154180;1,98€/u;['50% Descuento en la 2ª Unidad'];11_04_2021
Alvalle Gazpacho suave 1l;224906;3,39€/u;['70% Descuento en la 2ª Unidad'];11_04_2021
Galleta Digestive Finas de chocolate negro FONTANEDA, caja 170 g;339203;1,77€/u;['70% Descuento en la 2ª Unidad'];11_04_2021
Mouse de chocolate y almendra ALPRO, pack 2x70 g;350884;1,49€/u;['70% Descuento en la 2ª Unidad'];11_04_2021
Tortelloni con queso GALLO, bandeja 200 g;307568;1,28€/u;['70% Descuento en la 2ª Unidad'];11_04_2021
Alpro Café Colombiano de avena 207g;339056;1,59€/u;['70% Descuento en la 2ª Unidad'];11_04_2021
Air Wick Ambientador spray pure Flor 250ml;323938;4,40€/u;['70% Descuento en la 2ª Unidad'];11_04_2021
Big pot avena arándanos ALPRO, 350 g;348386;2,19€/u;['70% Descuento en la 2ª Unidad'];11_04_2021
La Cocinera Recetas Artesanas Croquetas cocido jamón serrano500g;113467;3,69€/u;['70% Descuento en la 2ª Unidad'];11_04_2021
Estrella Damm Cerveza pack 24x25cl;327194;13,29€/u;['Productos catalanes'];11_04_2021
Alpro Yogur soja piña maracuya 4x125g;331554;1,95€/u;['70% Descuento en la 2ª Unidad'];11_04_2021
Yogur de coco natural ALPRO, tarrina 350 g;350885;2,19€/u;['70% Descuento en la 2ª Unidad'];11_04_2021
Hélices integrales GALLO, paquete 450 g;348576;1,26€/u;['70% Descuento en la 2ª Unidad'];11_04_2021
Plumas rayadas integrales GALLO, paquete 450 g;348577;1,26€/u;['70% Descuento en la 2ª Unidad'];11_04_2021
Bolsita de naranja-plátano-galleta HERO, pack 4x100 g;345472;3,90€/u;['70% Descuento en la 2ª Unidad'];11_04_2021
Bolsita de yogur-plátano-fresa HERO pack 4x100 g;345473;3,90€/u;['70% Descuento en la 2ª Unidad'];11_04_2021
Findus Guisantes finos 400g;909556;1,85€/u;['70% Descuento en la 2ª Unidad'];11_04_2021
La Cocinera Recetas Artesanas Lasaña boloñesa 530g;913786;4,09€/u;['70% Descuento en la 2ª Unidad'];11_04_2021
Findus Espinacas 400g;909300;1,85€/u;['70% Descuento en la 2ª Unidad'];11_04_2021
Font Vella agua mineral natural 1l;261113;0,60€/u;['70% Descuento en la 2ª Unidad'];11_04_2021
Suavizante concentrado nenuco FLOR, botella 72 dosis;249040;3,99€/u;['70% Descuento en la 2ª Unidad'];11_04_2021
Pañuelo de papel mini collection KLEENEX, paquete 15 uds.;282281;1,80€/u;['70% Descuento en la 2ª Unidad'];11_04_2021
Alvalle Salmorejo 1l;288250;3,75€/u;['70% Descuento en la 2ª Unidad'];11_04_2021
Scottex Mocadors regular 3 capes caixa 86u;280055;1,15€/u;['70% Descuento en la 2ª Unidad'];11_04_2021
Nuez grano sin cáscara BORGES, bolsa 130 g;297244;3,13€/u;['70% Descuento en la 2ª Unidad'];11_04_2021
Ultima Perro mini adulto pollo 3kg;289524;9,95€/u;['Precio Oferta'];11_04_2021
Air Wick Ambientador eléctrico aparato + recambio Nenuco;276546;4,89€/u;['70% Descuento en la 2ª Unidad'];11_04_2021
Actimel L-casei natural Danone 12x100ml;267992;5,05€/u;['70% Descuento en la 2ª Unidad'];11_04_2021
Actimel L-casei desnatado natural Danone 12x100ml;284473;5,05€/u;['70% Descuento en la 2ª Unidad'];11_04_2021
Helado de vainilla CARTE D'OR, tarrina 431 g;345338;1,99€/u;['Precio Oferta'];11_04_2021
Helado de chocolate CARTE D'OR, tarrina 450 g;345339;1,99€/u;['Precio Oferta'];11_04_2021
Estrella Damm Cerveza lata 12x33cl;220055;7,32€/u;['Precio Oferta', 'Productos catalanes'];11_04_2021
Ligeresa Salsafina frasco 450ml;536008;1,99€/u;['70% Descuento en la 2ª Unidad'];11_04_2021
Free Damm Cerveza 0,0% lata 33cl;147765;0,50€/u;['Precio Oferta', 'Productos catalanes'];11_04_2021
Bonito del norte en aceitede oliva MASSO, lata 50 g;335703;2,09€/u;['70% Descuento en la 2ª Unidad'];11_04_2021
Café de almendra ALPRO, vaso 206 g;338282;1,59€/u;['70% Descuento en la 2ª Unidad'];11_04_2021
Galleta con pepitas de chocolate CHIPS AHOY| Mini, caja 320 g;337146;2,77€/u;['70% Descuento en la 2ª Unidad'];11_04_2021
Ravioli de carne GALLO, paquete 500 g;322174;1,99€/u;['70% Descuento en la 2ª Unidad'];11_04_2021
Scottex Papel higiénico 16 rollos;308926;3,99€/u;['70% Descuento en la 2ª Unidad'];11_04_2021
Alpro Yogur soja chocolate 4x125g;331557;1,95€/u;['70% Descuento en la 2ª Unidad'];11_04_2021
Alpro Yogur soja frutos rojos 4x125g;331558;1,95€/u;['70% Descuento en la 2ª Unidad'];11_04_2021
Dixan Detergente líquido adios separar 40d;332218;7,75€/u;['70% Descuento en la 2ª Unidad'];11_04_2021
Café molido ecológico sostenible BONKA, paquete 220 g;344398;2,99€/u;['50% Descuento en la 2ª Unidad'];11_04_2021
Flor Suavizante elixir azul 50 lavados;333382;4,15€/u;['70% Descuento en la 2ª Unidad'];11_04_2021
Calvé Salsa rosa 225ml;20871;1,11€/u;['70% Descuento en la 2ª Unidad'];11_04_2021
Alpro Yogur soja con coco 500g;336128;1,99€/u;['70% Descuento en la 2ª Unidad'];11_04_2021
Hellmann's Mayonesa frasco 450ml;536565;1,77€/u;['50% Descuento en la 2ª Unidad'];11_04_2021
Airwick Ambientador automático essential mist nenuco rec.20ml;337522;5,65€/u;['70% Descuento en la 2ª Unidad'];11_04_2021
Preparado de vainilla ALPRO, tarrina 500 g;341514;2,25€/u;['70% Descuento en la 2ª Unidad'];11_04_2021
Quitamanchas en polvo VANISH Oxi Action, bote 450 g;341635;4,99€/u;['70% Descuento en la 2ª Unidad'];11_04_2021
Lavavajillas FINISH Quatum Ultimate, bolsa 16 dosis;340129;7,99€/u;['70% Descuento en la 2ª Unidad'];11_04_2021
Detergente frescor loto de bali&pachuli DIXAN, garrafa 40 dosis;333163;7,55€/u;['70% Descuento en la 2ª Unidad'];11_04_2021
Pañuelos facial Kleenex collection 1u;167468;1,66€/u;['70% Descuento en la 2ª Unidad'];11_04_2021
Bonka Café molido mezcla 70/30+10% 275g;154130;1,98€/u;['50% Descuento en la 2ª Unidad'];11_04_2021
Caldo de pollo La Abuela KNORR, brik 1 litro;257646;1,85€/u;['70% Descuento en la 2ª Unidad'];11_04_2021
Café cortado NESCAFÉ Dolce Gusto, caja 30 monodosis;335918;7,82€/u;[];11_04_2021
Café con leche NESCAFÉ Dolce Gusto, caja 30 monodosis;335921;7,82€/u;[];11_04_2021
L'Oreal Crema hidratante HydraEnergetic Men expert 50ml;236510;7,87€/u;['70% Descuento en la 2ª Unidad'];11_04_2021
Salmón ahumado ROYAL, sobre 80 g;334317;4,40€/u;['70% Descuento en la 2ª Unidad'];11_04_2021
Knorr Sopa de cebolla 46g;472042;0,74€/u;['70% Descuento en la 2ª Unidad'];11_04_2021
Lavavajillas máquina FINISH Quantum Max, bolsa 27+13 dosis;338713;15,49€/u;['70% Descuento en la 2ª Unidad'];11_04_2021
Findus Brócoli 360g;336413;2,15€/u;['70% Descuento en la 2ª Unidad'];11_04_2021
Alpro Yogur de mango sin azúcares añadidos 400g;339068;2,05€/u;['70% Descuento en la 2ª Unidad'];11_04_2021
Findus Ensaladilla 400g;909157;1,85€/u;['70% Descuento en la 2ª Unidad'];11_04_2021
La Española Aceitunas negras 210g;128724;1,55€/u;['70% Descuento en la 2ª Unidad'];11_04_2021
Spaghetti integral GALLO, paquete 450 g;348578;1,26€/u;['70% Descuento en la 2ª Unidad'];11_04_2021
Yogur de lima limón ALPRO, brik 750 g;346298;2,99€/u;['70% Descuento en la 2ª Unidad'];11_04_2021
Bocabits Aperitivo de trigo frito con sabor a carne 84g;31463;1,49€/u;['70% Descuento en la 2ª Unidad'];11_04_2021
Lays Conos 3 D'S queso y bacon 100g;331635;1,49€/u;['70% Descuento en la 2ª Unidad'];11_04_2021
Cuca Atun claro fco 180g;333127;4,39€/u;['Precio Oferta'];11_04_2021
Burn Bebida energética zero 50cl;279652;1,02€/u;['Precio Oferta'];11_04_2021
Abrillantador lavavajillas FINISH, botella 500 ml;256804;4,47€/u;['70% Descuento en la 2ª Unidad'];11_04_2021
Actimel L-casei de fresa Danone 12x100ml;267991;5,05€/u;['70% Descuento en la 2ª Unidad'];11_04_2021
Patatas fritas premium LAY'S Gourmet, bolsa 180 g;265734;2,29€/u;['70% Descuento en la 2ª Unidad'];11_04_2021
Scottex Papel higienico humedo 74u;295983;2,70€/u;['70% Descuento en la 2ª Unidad'];11_04_2021
Isabel Sardinilla aceite de oliva 57g;302397;1,19€/u;['Precio Oferta'];11_04_2021
Findus Espinacas con pasas y piñones 400g;284646;3,05€/u;['70% Descuento en la 2ª Unidad'];11_04_2021
Air Wick Ambientador automático recambio Fresh Matic Nenuco;282231;4,59€/u;['70% Descuento en la 2ª Unidad'];11_04_2021
Gazpacho gourmet con almendras ALVALLE, brik 1 litro;276966;3,99€/u;['70% Descuento en la 2ª Unidad'];11_04_2021
Burn Bebida energética lata 50cl;295034;1,11€/u;['Precio Oferta'];11_04_2021
Nachos de maíz DORITOS Tex Mex, bolsa 260 g;349137;2,70€/u;['70% Descuento en la 2ª Unidad'];11_04_2021
Pañuelo original SCOTTEX, paquete 8+2 uds.;292444;0,97€/u;['70% Descuento en la 2ª Unidad'];11_04_2021
La Cocinera Lasaña de champiñones y boletus 500g;339430;4,09€/u;['70% Descuento en la 2ª Unidad'];11_04_2021
Café de soja-caramelo ALPRO, vaso 206 g;338279;1,59€/u;['70% Descuento en la 2ª Unidad'];11_04_2021
Quitamanchas en polvo ropa blanca VANISH Oxi Action, bote 450 g;341602;4,99€/u;['70% Descuento en la 2ª Unidad'];11_04_2021
Skyr de fresa ALPRO, tarrina 400 g;344281;2,19€/u;['70% Descuento en la 2ª Unidad'];11_04_2021
Detergente líquido Adios al Separar MICOLOR , garrafa 30 dosis;344296;6,85€/u;['70% Descuento en la 2ª Unidad'];11_04_2021
Ñoqui de patata GALLO, bandeja 400 g;307566;1,28€/u;['70% Descuento en la 2ª Unidad'];11_04_2021
Tortelloni con carne GALLO, bandeja 200 g;307567;1,28€/u;['70% Descuento en la 2ª Unidad'];11_04_2021
Skyr natural ALPRO, tarrina 400 g;344280;2,19€/u;['70% Descuento en la 2ª Unidad'];11_04_2021
Limpia máquinas lavavajillas FINISH, botella 250 ml;36041;3,44€/u;['70% Descuento en la 2ª Unidad'];11_04_2021
La Cocinera Canelones de carne 250g;336452;2,89€/u;['70% Descuento en la 2ª Unidad'];11_04_2021
Knorr Caldo casero de pollo 1l;336655;1,89€/u;['70% Descuento en la 2ª Unidad'];11_04_2021
Calve Salsa fina casera 500ml;313178;1,48€/u;['70% Descuento en la 2ª Unidad'];11_04_2021
Findus Espinacas cortadas 400g;1818;1,85€/u;['70% Descuento en la 2ª Unidad'];11_04_2021
Finish Ambientador limón lavavajillas;1896;2,94€/u;['70% Descuento en la 2ª Unidad'];11_04_2021
Café molido natural espresso BONKA, paquete 250 g;45479;2,75€/u;['50% Descuento en la 2ª Unidad'];11_04_2021
Fontaneda Galleta buena maria canela 400g;331332;2,18€/u;['70% Descuento en la 2ª Unidad'];11_04_2021
Alpro Yogur soja con avena 500g;336125;1,99€/u;['70% Descuento en la 2ª Unidad'];11_04_2021
Scottex hig.húme.aloe c/tapa 70u;322555;2,79€/u;['70% Descuento en la 2ª Unidad'];11_04_2021
Fideo nº1 integral GALLO NATURE, paquete 400 g;343019;1,34€/u;['70% Descuento en la 2ª Unidad'];11_04_2021
Dixan Detergente líquido 40d;332217;7,49€/u;['70% Descuento en la 2ª Unidad'];11_04_2021
Air Wick Ambientador spray pure Nenuco 1u;316797;4,40€/u;['70% Descuento en la 2ª Unidad'];11_04_2021
La Cocinera Croquetas artesanas jamón iberico 400g;317425;3,69€/u;['70% Descuento en la 2ª Unidad'];11_04_2021
Alpro Yogur soja de vainilla 4x125g;340314;1,95€/u;['70% Descuento en la 2ª Unidad'];11_04_2021
Café espresso intenso NESCAFÉ Dolce Gusto, caja 30 monodosis;335934;7,82€/u;[];11_04_2021
Suavizante concentrado azul FLOR, botella 72 dosis;319381;3,99€/u;['70% Descuento en la 2ª Unidad'];11_04_2021
Margarina LIGERESA, tarrina 250 g;341028;0,99€/u;['Precio Oferta'];11_04_2021
Vino Tinto Crianza De La Tierra CARTA DE PLATA, botella 75 cl;117903;3,69€/u;['70% Descuento en la 2ª Unidad'];11_04_2021
Silueta Pan integral sin corteza 450g;157407;2,05€/u;['70% Descuento en la 2ª Unidad'];11_04_2021
Ginebra BEEFEATER, botella 70 cl;249793;12,00€/u;['Precio Oferta'];11_04_2021
Mejillón al vapor EROSKI, bolsa 1 kg;161553;5,45€/u;['70% Descuento en la 2ª Unidad', 'Eroski', 'Sin gluten'];11_04_2021
Pants noche niña 4-7 años 17-30 kg DRYNITES, paquete 16 uds.;250576;13,45€/u;['70% Descuento en la 2ª Unidad'];11_04_2021
Pantene Acondicionador aqualight 300ml;314099;4,00€/u;['70% Descuento en la 2ª Unidad'];11_04_2021
Aneto Caldo natural jamón brik 1l;173275;3,59€/u;['70% Descuento en la 2ª Unidad'];11_04_2021
Arias Queso fresco original 460g;198768;4,22€/u;['70% Descuento en la 2ª Unidad'];11_04_2021
Aftersun ECRAN, bote 400 ml;151806;5,98€/u;['50% Descuento en la 2ª Unidad'];11_04_2021
Mistol Lavavajillas concentrado Ultra Plus 600ml;136958;1,47€/u;['70% Descuento en la 2ª Unidad'];11_04_2021
Biscrock para perro PEDIGREE, caja 500 g;159753;2,11€/u;['70% Descuento en la 2ª Unidad'];11_04_2021
Ballantine's Whisky 1l;126385;14,49€/u;['Precio Oferta'];11_04_2021
J&B Whisky 1l;126327;14,19€/u;['Precio Oferta'];11_04_2021
Serpis Aceitunas rellenas Benefit 75% menos sal 130g;276552;1,57€/u;['70% Descuento en la 2ª Unidad'];11_04_2021
Diadermine Leche limpiadora 250ml;56990;4,69€/u;['Precio Oferta'];11_04_2021
Eroski Lentejas con chorizo 425g;270304;1,09€/u;['70% Descuento en la 2ª Unidad', 'Eroski'];11_04_2021
Eroski Agua con gas botella 1,25l;270435;0,64€/u;['70% Descuento en la 2ª Unidad', 'Eroski'];11_04_2021
Vino blanco viura verdejo D.O. Rueda BLUME, botella 75 cl;256814;3,99€/u;['70% Descuento en la 2ª Unidad'];11_04_2021
Oleaurum Aceite virgen extra Siurana lata 50cl;307165;5,45€/u;['Precio Oferta', 'Productos catalanes'];11_04_2021
President Camembert porciones 250g;51691;3,59€/u;['Precio Oferta'];11_04_2021
Diadermine Tónico sin alcohol 250ml;56991;4,69€/u;['Precio Oferta'];11_04_2021
President Camembert entero 250g;51690;3,59€/u;['Precio Oferta'];11_04_2021
Pants de incontinencia plus Talla M TENA, paquete 14 uds;289827;15,00€/u;['70% Descuento en la 2ª Unidad'];11_04_2021
Dr. Oetker Decomagia fantasia 78g;288963;3,53€/u;['70% Descuento en la 2ª Unidad'];11_04_2021
Diadermine Toallitas desmaquilladoras 20u;32108;2,17€/u;['Precio Oferta'];11_04_2021
Granini Néctar de naranja 1,5l;254424;2,99€/u;['Precio Oferta'];11_04_2021
Frit Ravich Cocktail sin cáscara 180g;294055;1,35€/u;['70% Descuento en la 2ª Unidad', 'Productos catalanes'];11_04_2021
Joan Sarda Vino tinto cabernet D.O. Penedés 75cl;288274;7,99€/u;['70% Descuento en la 2ª Unidad', 'Productos catalanes'];11_04_2021
Nestlé Lion Cereales desayuno 400g;295636;2,39€/u;['70% Descuento en la 2ª Unidad'];11_04_2021
Caramelos de palo CHUPA CHUPS, 10 uds., bolsa 120 g;190810;1,57€/u;['70% Descuento en la 2ª Unidad'];11_04_2021
Scottex Papel de cocina gigante 2 = 6 rollos;321935;2,49€/u;['70% Descuento en la 2ª Unidad'];11_04_2021
Crema de cacao 1 sabor NOCILLA, bote 715 g;347392;4,88€/u;['50% Descuento en la 2ª Unidad'];11_04_2021
Celta Leche semidesnatada brik 1,5l;38071;1,09€/u;['Precio Oferta'];11_04_2021
Borges Aceite girasol 1l;121750;1,88€/u;['50% Descuento en la 2ª Unidad', 'Productos catalanes'];11_04_2021
Potito de manzana-plátano bio NESTLÉ, tarro 190 g;343213;1,89€/u;['70% Descuento en la 2ª Unidad'];11_04_2021
Queso natural con nata KIRI, 6 porciones, caja 108 g;343193;2,05€/u;['70% Descuento en la 2ª Unidad'];11_04_2021
Artiach Galletas Chiquilin energy 5 packs 200g;156021;2,25€/u;['50% Descuento en la 2ª Unidad'];11_04_2021
Ibsa Fritada de tomate frasco 430g;330653;1,28€/u;['70% Descuento en la 2ª Unidad'];11_04_2021
Quaker Copos de avena integral 500g;331069;2,24€/u;['70% Descuento en la 2ª Unidad'];11_04_2021
Dr.Oetker Pizza prosciutto 210g;267353;3,51€/u;['50% Descuento en la 2ª Unidad'];11_04_2021
Leche condensada desna. s/ lactosa LA LECHERA, dosificador 450 g;334178;1,99€/u;['Precio Oferta'];11_04_2021
Bimbo Panecillo artesano 4u;339385;1,39€/u;['70% Descuento en la 2ª Unidad'];11_04_2021
Cepillo Pro-Flex ORAL-B Pro-Expert, pack 1 ud;299348;3,99€/u;['70% Descuento en la 2ª Unidad'];11_04_2021
Desinfectante cocina desengrasante sin aclaradoZAS, pistola750ml;231428;2,75€/u;['50% Descuento en la 2ª Unidad'];11_04_2021
Campofrio Pechuga pavo finas lonchas 115g;159433;1,65€/u;['Precio Oferta'];11_04_2021
La Vaca Que Ríe Queso light 16 porciones 250g;482545;2,15€/u;['70% Descuento en la 2ª Unidad'];11_04_2021
Kellogg's Cereales choco Krispies 450g;338579;2,45€/u;['70% Descuento en la 2ª Unidad'];11_04_2021
Potito de frutas variadas bio NESTLÉ, tarro 190 g;343215;1,89€/u;['70% Descuento en la 2ª Unidad'];11_04_2021
Huevo fresco L suelo cesta ROIG, cartón 8 uds.;24663;2,15€/u;['70% Descuento en la 2ª Unidad', 'Productos catalanes'];11_04_2021
Pepinillos en vinagre SARASA, tarrina 400 g;336295;2,99€/u;['70% Descuento en la 2ª Unidad'];11_04_2021
Eroski Suavizante concentrado Aire de rocio 72 lavados;271011;1,59€/u;['Precio Oferta', 'Eroski'];11_04_2021
Granini Néctar de piña 1,5l;255333;2,99€/u;['Precio Oferta'];11_04_2021
Fructis Champú raíces grasas 360ml;325339;3,89€/u;['70% Descuento en la 2ª Unidad'];11_04_2021
Detergente líquido ARIEL Sensaciones, garrafa 40 dosis;334690;13,90€/u;['70% Descuento en la 2ª Unidad'];11_04_2021
Tendral Vino tinto D.O. Priorat 75cl;133220;8,99€/u;['70% Descuento en la 2ª Unidad', 'Productos catalanes'];11_04_2021
Gutarra Corazones de alcachofas mitades frasco 660g;357765;5,82€/u;['70% Descuento en la 2ª Unidad', 'Productos de Navarra'];11_04_2021
Detergente en polvo COLON, maleta 50 dosis;323109;13,79€/u;['70% Descuento en la 2ª Unidad'];11_04_2021
Compta Ovelles Vino tinto D.O. Penedés  75cl;323878;4,99€/u;['50% Descuento en la 2ª Unidad'];11_04_2021
Ferrer Pimiento escalivado 350g;29461;2,29€/u;['Precio Oferta'];11_04_2021
Frit Ravich Palomitas colores 120g;265732;0,99€/u;['70% Descuento en la 2ª Unidad'];11_04_2021
Cacao en polvo intenso 70% NESQUIK, lata 300 g;348586;3,99€/u;['70% Descuento en la 2ª Unidad'];11_04_2021
Galleta de sésamo GERBLÉ, caja 230 g;527800;1,93€/u;['70% Descuento en la 2ª Unidad'];11_04_2021
Campofrío Salchichas Bratwurst 260g;493160;2,45€/u;['70% Descuento en la 2ª Unidad'];11_04_2021
Rovellats Cava Brut Imperial 75cl. PENEDÈS;294439;8,99€/u;['Precio Oferta', 'Producto del Alt Penedès'];11_04_2021
Barilla Spaguettoni nº 7 500g;562831;1,46€/u;['70% Descuento en la 2ª Unidad'];11_04_2021
Barilla Penne Rigate 500g;562863;1,49€/u;['70% Descuento en la 2ª Unidad'];11_04_2021
Cerveza 0,0 AMSTEL Oro, lata 33 cl;341829;0,64€/u;['Compra 4 uni. 0,57 € de descuento'];11_04_2021
Cerveza 0.0 tostada AMSTEL RADLER, lata 33 cl;346191;0,62€/u;['Compra 4 uni. 0,57 € de descuento'];11_04_2021
Mix de frutos secos crudos EROSKI, tarrina 175 g;333995;2,00€/u;['Precio Oferta', 'Eroski', 'Producto nuevo'];11_04_2021
Torres Vino blanco 75cl;283673;6,99€/u;['Precio Oferta'];11_04_2021
Vino Blanco D.O. Cataluña TORRES VIÑA SOL, botella 75 cl;283703;4,99€/u;['Precio Oferta'];11_04_2021
Viña Albali Vino tinto reserva D.O. Valdepeñas 75cl;20631;3,15€/u;['Precio Oferta'];11_04_2021
Torres Vino tinto D.O. Cataluña Sangre de Toro 75cl;283606;3,99€/u;['Precio Oferta', 'Productos catalanes'];11_04_2021
Ferrer Setas variadas frasco 200g;25480;1,59€/u;['Precio Oferta', 'Productos catalanes'];11_04_2021
Galletas de leche-chocolate GERBLÉ, caja 230 g;527805;1,93€/u;['70% Descuento en la 2ª Unidad'];11_04_2021
Eroski Chocolate negro 74% 100g;270869;1,20€/u;['Precio Oferta', 'Eroski'];11_04_2021
Bimbo Pan de molde sin corteza 480g;118478;2,09€/u;['70% Descuento en la 2ª Unidad'];11_04_2021
Kellogg's Cereales Special K 500g;38036;2,99€/u;['70% Descuento en la 2ª Unidad'];11_04_2021
Celta Leche sin lactosa desnatada 1l;312061;0,85€/u;['Precio Oferta'];11_04_2021
Salsa Brava Picante MOLÍ DE POMERÍ, 95G;314434;1,52€/u;['Precio Oferta'];11_04_2021
Barrita de cereal KELLOGG`S Choco Krispies, 6 uds., caja 120 g;119506;1,88€/u;['70% Descuento en la 2ª Unidad'];11_04_2021
Barilla Salsa arrabiata 400g;67162;2,49€/u;['70% Descuento en la 2ª Unidad'];11_04_2021
Tortitas arroz integral 130g;25730;1,37€/u;['70% Descuento en la 2ª Unidad'];11_04_2021
San Miguel Cerveza lata 50cl;3610;0,83€/u;['70% Descuento en la 2ª Unidad'];11_04_2021
Dr. Oetker Pizza Casa di Mama jamón y champiñones 380g;280999;3,95€/u;['70% Descuento en la 2ª Unidad'];11_04_2021
Omino Bianco Detergent líquido natura fresh 40 dosis;332711;7,90€/u;['70% Descuento en la 2ª Unidad'];11_04_2021
Serrano Salchichón de pavo 2x50g;331178;2,25€/u;['70% Descuento en la 2ª Unidad'];11_04_2021
Barilla Spaguetti 500g;562840;1,49€/u;['70% Descuento en la 2ª Unidad'];11_04_2021
Pants niño 4-7 años 17-30 Kg DRYNITES, paquete 16 uds.;250577;13,45€/u;['70% Descuento en la 2ª Unidad'];11_04_2021
Dry Nites Calzoncillos absorbentes niño 8-15 años 13u;250579;13,45€/u;['70% Descuento en la 2ª Unidad'];11_04_2021
Molí De Pomerí Salsa Chimi-churri 90g;321461;1,79€/u;['Precio Oferta'];11_04_2021
Dr. Oetker Pizza Casa di Mama atún 420g;281001;3,95€/u;['70% Descuento en la 2ª Unidad'];11_04_2021
Aneto Caldo natural puchero brik 1l;254828;4,30€/u;['70% Descuento en la 2ª Unidad', 'Productos catalanes'];11_04_2021
Little Swimmers Pañal bañador T-5 12-18kg;295517;10,19€/u;['70% Descuento en la 2ª Unidad'];11_04_2021
Puleva Batido cacao 6x200ml;264628;1,79€/u;['Precio Oferta'];11_04_2021
Pañal niño 3-5 años 16-23 kg HUGGIES DryNites, paquete 16 uds.;296821;13,45€/u;['70% Descuento en la 2ª Unidad'];11_04_2021
Borges Crema balsámica de manzana 250ml;285410;3,00€/u;['70% Descuento en la 2ª Unidad', 'Productos catalanes'];11_04_2021
Borges Crema balsámica de módena 250ml;285412;3,00€/u;['70% Descuento en la 2ª Unidad', 'Productos catalanes'];11_04_2021
Borges Crema balsámica de frambuesa 250ml;285401;3,00€/u;['70% Descuento en la 2ª Unidad', 'Productos catalanes'];11_04_2021
Sanex Desodorante spray natural protector pieles normales 200ml;280227;3,39€/u;['70% Descuento en la 2ª Unidad'];11_04_2021
Sanex Desodorante spray natural protector pieles sensibles 200ml;280228;3,39€/u;['70% Descuento en la 2ª Unidad'];11_04_2021
Campofrio Jamón cocido lonchas finissimas 115g;159432;1,65€/u;['Precio Oferta'];11_04_2021
Campofrío Pechuga pavo braseado finissimas 125g;228003;1,65€/u;['Precio Oferta'];11_04_2021
Segura Viudas Cava brut reserva 75cl;228320;7,59€/u;['Precio Oferta'];11_04_2021
Granini Zumo cóctel de frutas 1,5l;289628;2,99€/u;['Precio Oferta'];11_04_2021
Cast Aceite virgen extra 2l;304806;9,45€/u;['Precio Oferta', 'Producto del Baix Ebre'];11_04_2021
Miel con propóleo verde EL BREZAL, dosificador 350 g;343631;4,20€/u;['70% Descuento en la 2ª Unidad'];11_04_2021
President Medallones queso de cabra 200g;244209;2,60€/u;['Precio Oferta'];11_04_2021
Oli d'oliva verge extra grand coupage PRIORDEI, botella 75 cl;325244;6,35€/u;['Precio Oferta', 'Productos catalanes'];11_04_2021
Rojalet Vino tinto bag in box D.O. Catalunya 3l;324746;8,50€/u;['Precio Oferta'];11_04_2021
Cava brut GIRO RIBOT, botella 75 cl;344967;5,95€/u;['70% Descuento en la 2ª Unidad'];11_04_2021
Crema hidrantante normal-mixta DIADERMINE, pack 2x50 ml;56992;9,95€/u;['Precio Oferta'];11_04_2021
Swimmers pañal bañador T3 7-12 Kg. 20 uni.;295516;10,19€/u;['70% Descuento en la 2ª Unidad'];11_04_2021
Whisky JOHNNIE WALKER, botella 70 cl + Jigger;259209;12,49€/u;['Precio Oferta'];11_04_2021
Whisky Black JOHNNIE WALKER, botella 70 cl + 2 Vasos;259250;22,99€/u;['Precio Oferta'];11_04_2021
Caldo de pollo FERRER, frasco 940 ml;297289;3,14€/u;['Precio Oferta', 'Productos catalanes'];11_04_2021
Oral B Dentífrico Pro-Expert blanqueante 75ml;299160;3,25€/u;['70% Descuento en la 2ª Unidad'];11_04_2021
Isla Buda Arroz bomba 1kg;328198;3,75€/u;['Precio Oferta', 'Producto del Baix Ebre'];11_04_2021
Coosur Aceite extra 250ml;328096;1,19€/u;['Precio Oferta'];11_04_2021
Diadermine Desmaquillador ojos 125ml;56997;4,25€/u;['Precio Oferta'];11_04_2021
Mejillón en escabeche CALVO, pack 3x80 g;67862;2,29€/u;['Precio Oferta'];11_04_2021
López de Haro Vino tinto crianza d.o. rioja 75cl;328441;5,95€/u;['Precio Oferta'];11_04_2021
Flama Roja Vino rosado 75cl;330173;3,25€/u;['Precio Oferta', 'Producto del Alt Penedès'];11_04_2021
Castillo De Perelada Vino tinto crianza D.O. Empordà 3 Fincas 75cl;57242;5,59€/u;['Precio Oferta'];11_04_2021
Desodorante natur protect piel normal SANEX, roll on 50 ml;280230;2,25€/u;['70% Descuento en la 2ª Unidad'];11_04_2021
Caramelos con palo sabores sin azúcar CHUPA CHUPS, bolsa 66 g;283937;1,62€/u;['70% Descuento en la 2ª Unidad'];11_04_2021
Gullon Galletas Digestive avena chocolate 425g;285189;1,29€/u;['70% Descuento en la 2ª Unidad'];11_04_2021
Birba Lins coco y chocolate 145g;429820;3,09€/u;['Precio Oferta', 'Productos catalanes'];11_04_2021
Zumo de naranja exprimida con pulpa ZÜ 1,75l;344513;2,38€/u;['Precio Oferta'];11_04_2021
Zumo de naranja exprimida sin pulpa ZÜ, brik 1,75 litros;344514;2,38€/u;['Precio Oferta'];11_04_2021
Magno Gel classic +100ml 650ml;42722;2,95€/u;['70% Descuento en la 2ª Unidad'];11_04_2021
Enate Vino tinto crianza D.O. Somontano 75cl;244324;7,15€/u;['Precio Oferta'];11_04_2021
Obach Secallona extra de Organyà pieza 180g;853355;4,19€/u;['Precio Oferta'];11_04_2021
Pescanova Filete de merluza sin piel 400g;904708;3,75€/u;['Precio Oferta'];11_04_2021
Brillante Vasitos arroz redondo XL 2x200g;296006;1,99€/u;['70% Descuento en la 2ª Unidad'];11_04_2021
Batut de vainilla PULEVA, pack 6x200 ml;286055;1,79€/u;['Precio Oferta'];11_04_2021
Castillo De Perelada Cava brut reserva 75cl;227015;5,25€/u;['Precio Oferta', 'Productos catalanes'];11_04_2021
Mo Oliveda Vino blanco 75cl. L'EMPORDÀ;301987;3,85€/u;['Precio Oferta', 'Producto del Alt Empordà'];11_04_2021
Família Oliveda Cava Brut nature Reserva 75cl. L'EMPORDÀ;301993;5,59€/u;['Precio Oferta', 'Producto del Alt Empordà'];11_04_2021
Clos Torribas Vino blanco 75cl;308580;3,95€/u;['Precio Oferta'];11_04_2021
Puntils Vino tinto Emporda 75cl;308427;5,59€/u;['Precio Oferta', 'Producto del Alt Empordà'];11_04_2021
Aceite de oliva Sumum LA MASIA, botella 1 litro;138871;2,59€/u;['Precio Oferta'];11_04_2021
Vino blanco D.O. Terra Alta HEREUS, botella 75 cl;304793;5,39€/u;['Precio Oferta', 'Producto de Terra Alta'];11_04_2021
Asturiana Leche sin lactosa 0% desnatada 1l;327017;0,89€/u;['Precio Oferta'];11_04_2021
Montes Lara Cañas cabello de ángel 200g;310722;1,19€/u;['Precio Oferta', 'Productos catalanes'];11_04_2021
Hojiblanca Aceite Virgen extra suave 1l;47343;3,79€/u;['Precio Oferta'];11_04_2021
Campofrío Jamón cocido braseado finissimas 125g;228001;1,65€/u;['Precio Oferta'];11_04_2021
Néctar de melocotón GRANINI, botella 1,5 litros;255332;2,99€/u;['Precio Oferta'];11_04_2021
Hendrick's Ginebra inglesa 70cl;283295;29,99€/u;['Precio Oferta'];11_04_2021
Clos Torribas Vino tinto tempranillo crianza D.O. Penedés 75cl;288215;3,95€/u;['Precio Oferta'];11_04_2021
Portell Cava brut nature 75cl;308245;5,45€/u;['Precio Oferta', 'Productos catalanes'];11_04_2021
Brillante Vasitos arroz largo XL 400g;296007;1,99€/u;['70% Descuento en la 2ª Unidad'];11_04_2021
Pont Catalana extra sobre 90g;288615;1,45€/u;['Precio Oferta', 'Productos catalanes'];11_04_2021
Coosur A.V.Extra Almazara 750 ml;328059;2,99€/u;['Precio Oferta'];11_04_2021
Molí De Pomerí Salsa Xató 95g;314437;1,79€/u;['Precio Oferta'];11_04_2021
Dr. Oetker Letras de chocolate negro 60g;293335;2,85€/u;['70% Descuento en la 2ª Unidad'];11_04_2021
Llet Nostra Leche desnatada botella 1,5l;184348;1,33€/u;['50% Descuento en la 2ª Unidad', 'Productos catalanes'];11_04_2021
Bebida energética RED BULL, pack 4x25 cl;948337;4,54€/u;['Precio Oferta'];11_04_2021
Limoncello DI CAPRI, botella 70 cl;343136;11,50€/u;['Precio Oferta'];11_04_2021
Toallitas Natural Care extra HUGGIES, paquete 56 uds;349288;1,99€/u;['70% Descuento en la 2ª Unidad'];11_04_2021
Judía verde en tiras corte juliana GUTARRA, frasco 350 g;357863;2,14€/u;['70% Descuento en la 2ª Unidad', 'Productos de Navarra'];11_04_2021
Mermelada cero de frambuesa LA VIEJA FÁBRICA, frasco 280 g;341489;2,69€/u;['70% Descuento en la 2ª Unidad'];11_04_2021
Mermelada cero de melocotón LA VIEJA FÁBRICA, frasco 280 g;341493;2,69€/u;['70% Descuento en la 2ª Unidad'];11_04_2021
Cebollitas SARASA, tarrina 450 g;344108;2,75€/u;['70% Descuento en la 2ª Unidad'];11_04_2021
Ortiz Pan tostado tradicional 30 rebanada 324g;325225;1,89€/u;['70% Descuento en la 2ª Unidad'];11_04_2021
Oral B Cepillo complete duo;305868;2,95€/u;['70% Descuento en la 2ª Unidad'];11_04_2021
Noel Pechuga de pavo delizia corte fresco 110g;312025;2,09€/u;['70% Descuento en la 2ª Unidad', 'Productos catalanes'];11_04_2021
Noel Jamón cocido delizias corte fresco 110g;312024;1,99€/u;['70% Descuento en la 2ª Unidad', 'Productos catalanes'];11_04_2021
Sanex Desodorante roll-on zero% invisible 50ml;341769;2,25€/u;['70% Descuento en la 2ª Unidad'];11_04_2021
Dr. Oetker Pizza Casa di Mama boloñesa 380g;297302;3,51€/u;['50% Descuento en la 2ª Unidad'];11_04_2021
Magno Gel marine +100ml 650ml;281529;2,95€/u;['70% Descuento en la 2ª Unidad'];11_04_2021
Gallina Blanca Caldo Fideuá brik 1l;308482;2,99€/u;['70% Descuento en la 2ª Unidad'];11_04_2021
Fructis Mascarilla reparadora papaya 390ml;331162;5,95€/u;['70% Descuento en la 2ª Unidad'];11_04_2021
Fructis Mascarilla normal 390ml;331165;5,89€/u;['70% Descuento en la 2ª Unidad'];11_04_2021
Oral B Dentífrico 3D blanco revitalizante 75ml;331345;3,59€/u;['70% Descuento en la 2ª Unidad'];11_04_2021
Wilkinson Maq.wilkinson extra3 4u;331349;3,69€/u;['70% Descuento en la 2ª Unidad'];11_04_2021
Dr.Oetker Pizza mozzarella Ristorante 335g;253648;3,51€/u;['50% Descuento en la 2ª Unidad'];11_04_2021
Acondiconador prevención caída PANTENE, bote 300 ml;314101;4,00€/u;['70% Descuento en la 2ª Unidad'];11_04_2021
Pedro Luís Alubia blanca cocida frasco 660g;314379;1,99€/u;['70% Descuento en la 2ª Unidad', 'Productos catalanes'];11_04_2021
Pedro Luís Garbanzo cocido frasco 660g;314408;1,99€/u;['70% Descuento en la 2ª Unidad', 'Productos catalanes'];11_04_2021
Limpiador desinfectante baño KH-7, pistola 750 ml;333023;2,69€/u;['50% Descuento en la 2ª Unidad'];11_04_2021
Fructis Mascarilla butter 300 ml;325287;3,80€/u;['70% Descuento en la 2ª Unidad'];11_04_2021
Fructis Mascarilla hidrarizos 300ml;325288;3,80€/u;['70% Descuento en la 2ª Unidad'];11_04_2021
Bolquer banyador 3-8 kg Talla 2-3 L. SWIMMERS, paquet 20 unit.;335215;10,19€/u;['70% Descuento en la 2ª Unidad'];11_04_2021
Vileda Fregona estampada;14044;2,79€/u;['70% Descuento en la 2ª Unidad'];11_04_2021
Fructis Champú cabello graso con caspa menta refrescante 360ml;325341;3,89€/u;['70% Descuento en la 2ª Unidad'];11_04_2021
Penne Rigate sin gluten BARILLA, caja 400 g;325870;2,15€/u;['70% Descuento en la 2ª Unidad', 'Sin gluten'];11_04_2021
Ducros Molinillo de sal rosa del Himalaya 90g;335348;2,55€/u;['70% Descuento en la 2ª Unidad'];11_04_2021
Nox Vino tinto D.O. Penedés 75cl;323860;4,45€/u;['70% Descuento en la 2ª Unidad', 'Productos catalanes'];11_04_2021
Nox Vino blanco D.O. Penedés 75cl;323880;4,45€/u;['70% Descuento en la 2ª Unidad'];11_04_2021
Bref Limpia wc duo active natur 50g;324168;3,25€/u;['70% Descuento en la 2ª Unidad'];11_04_2021
Acondicionador micelar PANTENE, bote 300 ml;334605;4,00€/u;['70% Descuento en la 2ª Unidad'];11_04_2021
Dentífrico encía&esmalte blanqueante ORAL-B Repair, tubo 75 ml;334685;3,99€/u;['70% Descuento en la 2ª Unidad'];11_04_2021
Tarrina de manzana-pera-membrillo bio NESTLÉ, pack 4x90 g;343220;2,99€/u;['70% Descuento en la 2ª Unidad'];11_04_2021
Champú melena abundante FRUCTIS, bote 360 ml;334976;3,89€/u;['70% Descuento en la 2ª Unidad'];11_04_2021
Champú crece fuerte FRUCTIS, bote 300 ml;334979;3,89€/u;['70% Descuento en la 2ª Unidad'];11_04_2021
Acondicionador rizos PANTENE, bote 300 ml;335018;4,00€/u;['70% Descuento en la 2ª Unidad'];11_04_2021
Pantene Champú aqualight 360ml;314086;4,00€/u;['70% Descuento en la 2ª Unidad'];11_04_2021
Fructis Mascarilla fortificante adiós daños 300ml;328178;3,80€/u;['70% Descuento en la 2ª Unidad'];11_04_2021
Champú Nutri Repair 3 FRUCTIS, bote 360 ml;328179;3,89€/u;['70% Descuento en la 2ª Unidad'];11_04_2021
Pantene Champú micelar para cabello graso y apagado 360ml;328181;4,00€/u;['70% Descuento en la 2ª Unidad'];11_04_2021
Chupa Chup Melody pops 60g;328214;2,05€/u;['70% Descuento en la 2ª Unidad'];11_04_2021
La Vaca Que Rie Queso azul light 250g;328399;2,35€/u;['70% Descuento en la 2ª Unidad'];11_04_2021
Champú prevención caída con bambú PANTENE, bote 360 ml;314089;4,00€/u;['70% Descuento en la 2ª Unidad'];11_04_2021
Barritas de chocolate negro 70% KIT KAT, pack 3x41 g;328646;2,04€/u;['70% Descuento en la 2ª Unidad'];11_04_2021
Spaghetti sin gluten BARILLA, paquete 400 g;330291;2,15€/u;['70% Descuento en la 2ª Unidad'];11_04_2021
Oral B Dent. encías repair original 75ml;330746;3,99€/u;['70% Descuento en la 2ª Unidad'];11_04_2021
Fructis Mascarilla nutritiva banana 390ml;331161;5,89€/u;['70% Descuento en la 2ª Unidad'];11_04_2021
Pantene Champú repara 3en1 300ml;338083;4,00€/u;['70% Descuento en la 2ª Unidad'];11_04_2021
Fairy Lav.Maq.PlatinumPlus Limon 37d;338174;13,39€/u;['70% Descuento en la 2ª Unidad'];11_04_2021
Sarasa Cocktail de encurtidos 450g;336289;2,99€/u;['70% Descuento en la 2ª Unidad'];11_04_2021
Barilla Salsa basilico 400g;36325;2,59€/u;['70% Descuento en la 2ª Unidad'];11_04_2021
Pantene Champú clásico 360ml;314084;4,00€/u;['70% Descuento en la 2ª Unidad'];11_04_2021
Fructis Champú anticaspa para cabello normal 360ml;328175;3,89€/u;['70% Descuento en la 2ª Unidad'];11_04_2021
Palitos de queso LA VACA QUE RIE, 4 uds., caja 140 g;9637;1,97€/u;['70% Descuento en la 2ª Unidad'];11_04_2021
Fructis Champú hidra liso 360ml;325275;3,89€/u;['70% Descuento en la 2ª Unidad'];11_04_2021
Fructis Champu butter 360ml;325266;3,89€/u;['70% Descuento en la 2ª Unidad'];11_04_2021
Cepillo Sharky PIERROT, pack 1 ud.;335148;2,05€/u;['70% Descuento en la 2ª Unidad'];11_04_2021
Pants de incontinencia plus Talla M TENA, paquete 9 uds;335203;9,95€/u;['70% Descuento en la 2ª Unidad'];11_04_2021
Pants de incontinencia plus Talla L TENA, paquete 9 uds;335206;9,95€/u;['70% Descuento en la 2ª Unidad'];11_04_2021
Champú rizos 3n1 PANTENE, bote 300 ml;344571;3,99€/u;['70% Descuento en la 2ª Unidad'];11_04_2021
Mascarilla capilar cabello normal aloe vera FRUCTIS, tarro 390 ml;344574;5,95€/u;['70% Descuento en la 2ª Unidad'];11_04_2021
Set de mopa microfibra EROSKI, recambio 1 ud.;344916;7,05€/u;['70% Descuento en la 2ª Unidad', 'Eroski', 'Producto nuevo'];11_04_2021
Cerrato Queso mezcla semi 225g;320280;3,19€/u;['70% Descuento en la 2ª Unidad'];11_04_2021
Somat Lavavajillas máquina gel limón 50d;332357;9,70€/u;['70% Descuento en la 2ª Unidad'];11_04_2021
Sanex Desodorante roll-on zero% sensitive 50ml;341775;2,25€/u;['70% Descuento en la 2ª Unidad'];11_04_2021
Marbú Galletas doradas 0 % azúcares 400g;285270;2,29€/u;['50% Descuento en la 2ª Unidad'];11_04_2021
Moscatel empordà 50cl ESPOLLA;301979;4,99€/u;['50% Descuento en la 2ª Unidad', 'Productos catalanes'];11_04_2021
Sanex Desodorante roll-on men zero 50ml;321092;2,35€/u;['70% Descuento en la 2ª Unidad'];11_04_2021
Cerrato Queso oveja curado 225g;320347;3,29€/u;['70% Descuento en la 2ª Unidad'];11_04_2021
Dr. Oetker Pizza Ristorante Carbonara 340g;317387;3,51€/u;['50% Descuento en la 2ª Unidad'];11_04_2021
Noel Delicias Jamón serrano reserva 100g;339858;3,00€/u;['70% Descuento en la 2ª Unidad', 'Productos catalanes'];11_04_2021
Dr.Oetker Pizza tonno 355g;261384;3,51€/u;['50% Descuento en la 2ª Unidad'];11_04_2021
Gullon Galleta vitalday yogur y frutos rojos 220g;316617;1,84€/u;['70% Descuento en la 2ª Unidad'];11_04_2021
Alubias de Santa Maria cocidas ARANCA, frasco 400 g;267846;2,96€/u;['50% Descuento en la 2ª Unidad', 'Productos catalanes'];11_04_2021
Artiach Galletas Dinosaurus chocolate con leche 4 paks 340g;282039;2,69€/u;['50% Descuento en la 2ª Unidad'];11_04_2021
Lavavajillas máquina gel limón FAIRY, botella 32 dosis;342155;5,99€/u;['70% Descuento en la 2ª Unidad'];11_04_2021
Zumo de avena-plátano-coco VIANATURE, botella 250 ml;342927;1,25€/u;['70% Descuento en la 2ª Unidad'];11_04_2021
Panrico Pan rústico 0% azúcar 375g;337278;2,25€/u;['50% Descuento en la 2ª Unidad'];11_04_2021
Carbonell Aceite oliva sabor 1l;281751;3,29€/u;['Precio Oferta'];11_04_2021
Aceite de oliva virgen extra LA MASIA, botella 1 litro;280747;3,29€/u;['Precio Oferta'];11_04_2021
Silueta Pan 8 cereales sin corteza 450g;192444;2,05€/u;['70% Descuento en la 2ª Unidad'];11_04_2021
Aneto Caldo natural pollo brik 1l;173234;3,59€/u;['70% Descuento en la 2ª Unidad', 'Productos catalanes'];11_04_2021
Viladrau Agua garrafa 5l;133034;1,50€/u;['70% Descuento en la 2ª Unidad', 'Productos catalanes'];11_04_2021
Refresco de cola Zero azucar Zero cafeina PEPSI MAX, lata 33 cl;331593;0,58€/u;[];11_04_2021
Weikis Bollo pepitas choco con leche 240g;157624;2,05€/u;['70% Descuento en la 2ª Unidad'];11_04_2021
Carretilla Pimientos piquillo ajillo 290g;159879;2,08€/u;['70% Descuento en la 2ª Unidad'];11_04_2021
Inpanasa Magdalenas Suprema 8u 480g;282858;1,85€/u;['Precio Oferta', 'Productos catalanes'];11_04_2021
Terra Vino blanco D.O. Cataluña 75cl;178946;3,59€/u;['70% Descuento en la 2ª Unidad', 'Productos catalanes'];11_04_2021
Bo De Debò Ensaladilla rusa 450g;148711;3,39€/u;['50% Descuento en la 2ª Unidad'];11_04_2021
Sundari Arroz basmati 1kg;303763;2,95€/u;['70% Descuento en la 2ª Unidad'];11_04_2021
Yatekomo pollo soja bag pack 3;308483;2,09€/u;['70% Descuento en la 2ª Unidad'];11_04_2021
Castellblanch Cava Brut Zero 75cl;218928;7,35€/u;['70% Descuento en la 2ª Unidad', 'Productos catalanes'];11_04_2021
Altos De Tamarón Vino tinto roble joven D.O. Ribera Duero 75cl;210536;4,85€/u;['70% Descuento en la 2ª Unidad'];11_04_2021
Don Simon Vino tinto botella selección 75cl;251050;1,65€/u;['70% Descuento en la 2ª Unidad'];11_04_2021
Blanc de Serè Vino blanco D.O costa del Segre 75cl;308143;7,75€/u;['Precio Oferta', 'Producto de Urgell'];11_04_2021
Menú para conejos enanos VITAKRAFT, paquete 1 kg;231439;4,09€/u;['70% Descuento en la 2ª Unidad'];11_04_2021
Dr. Oetker Pannini barbacoa 250g;258191;3,09€/u;['70% Descuento en la 2ª Unidad'];11_04_2021
Celta Leche entera brik 1,5l;38070;1,09€/u;['Precio Oferta'];11_04_2021
Cañitas de fuet D`olot ESPUÑA, sobre 50 g;293729;1,55€/u;['70% Descuento en la 2ª Unidad'];11_04_2021
Findus Espinacas ajillo 450g;188642;2,89€/u;['70% Descuento en la 2ª Unidad'];11_04_2021
Aneto Caldo natural pescado brik 1l;217929;4,30€/u;['70% Descuento en la 2ª Unidad'];11_04_2021
Almendra cruda con piel FRIT RAVICH, 160 g;314648;3,25€/u;['70% Descuento en la 2ª Unidad'];11_04_2021
Mimat Vino tinto D.O. Cataluña 75cl;318276;8,45€/u;['70% Descuento en la 2ª Unidad'];11_04_2021
Snatts Palitos con pipas 62g;282234;0,88€/u;['70% Descuento en la 2ª Unidad'];11_04_2021
Mayor De Castilla Vino blanco verdejo D.O. Rueda 75cl;288214;3,07€/u;['70% Descuento en la 2ª Unidad'];11_04_2021
Aneto Caldo natural verduras brik 1l;180158;3,59€/u;['70% Descuento en la 2ª Unidad', 'Productos catalanes'];11_04_2021
Boletus Surtido setas naturales 370g;248492;2,85€/u;['50% Descuento en la 2ª Unidad'];11_04_2021
Crema de cacao 2 sabores NOCILLA, bote 715 g;347393;4,88€/u;['50% Descuento en la 2ª Unidad'];11_04_2021
Tomate frito en aceite de oliva SOLÍS, frasco 360 g;313822;1,25€/u;['70% Descuento en la 2ª Unidad'];11_04_2021
Pedro Luis Garbanzos pedrosillano 500g;333267;1,99€/u;['70% Descuento en la 2ª Unidad'];11_04_2021
Serrano Chorizo de pavo 2x50g;331177;2,25€/u;['70% Descuento en la 2ª Unidad'];11_04_2021
Celta Leche desnatada brik 1,5l;38072;1,09€/u;['Precio Oferta'];11_04_2021
Viña Albali vino blanco verdejo 75cl;330394;2,85€/u;['70% Descuento en la 2ª Unidad'];11_04_2021
L'Oreal Crema hidraenergetic fluido ultra hidratante Men 50ml;299462;9,75€/u;['70% Descuento en la 2ª Unidad'];11_04_2021
Dr. Oetker Pizza 4 quesos Ristorante 340g;253646;3,51€/u;['50% Descuento en la 2ª Unidad'];11_04_2021
Vino blanco D.O. Catalunya JARDINS 0,75l;308373;4,59€/u;['Precio Oferta'];11_04_2021
Bo De Debò Arroz de montaña 300g;291315;3,99€/u;['50% Descuento en la 2ª Unidad'];11_04_2021
Aceite de oliva 0,4º LA MASIA, botella 1 litro;20866;2,59€/u;['Precio Oferta'];11_04_2021
Barritas de chocolate blanco KIT KAT, pack 3x41,5 g;328645;2,25€/u;['70% Descuento en la 2ª Unidad'];11_04_2021
Bargallo Aceite virgen extra arbequina 75cl;306430;5,45€/u;['70% Descuento en la 2ª Unidad'];11_04_2021
Cerveza Magna SAN MIGUEL, lata 33 cl;341834;0,53€/u;['Precio Oferta'];11_04_2021
Potito de brócoli-guisantes con pavo bio NESTLÉ, tarro 190 g;343216;1,99€/u;['70% Descuento en la 2ª Unidad'];11_04_2021
Dr.Oetker Pizza speciale Ristorante 330g;253647;3,51€/u;['50% Descuento en la 2ª Unidad'];11_04_2021
Pantene Champú clásico 3en1 300ml;338082;3,99€/u;['70% Descuento en la 2ª Unidad'];11_04_2021
Crema RUAVIEJA, botella 70 cl;263792;10,19€/u;['Precio Oferta'];11_04_2021
Bamboleo Corazones de alcachofas frasco 290g;190496;2,79€/u;['50% Descuento en la 2ª Unidad'];11_04_2021
Carretilla Espárragos blancos 8/12 frasco 540g;363980;3,80€/u;['70% Descuento en la 2ª Unidad'];11_04_2021
Aurum Cerveza lata 12x33cl;280342;2,80€/u;['Precio Oferta'];11_04_2021
Puleva Leche desnatada ecológica 1l;335874;1,00€/u;['Precio Oferta'];11_04_2021
Pescanova Calamar limpio 400g;286928;4,29€/u;['Precio Oferta'];11_04_2021
Protector incontinencia ultra mini TENA Discreet, paquete 28 uds;289967;3,00€/u;['70% Descuento en la 2ª Unidad'];11_04_2021
Albo Atún claro aceite oliva virgen 3x92g;67296;6,05€/u;['70% Descuento en la 2ª Unidad'];11_04_2021
Cacao en polvo intenso 40% NESQUIK, lata 330 g;348584;3,50€/u;['70% Descuento en la 2ª Unidad'];11_04_2021
Galletas de soja-naranaja GERBLÉ, caja 280 g;527797;1,93€/u;['70% Descuento en la 2ª Unidad'];11_04_2021
Pan de leche BELLA EASO, 9 uds. paquete 315 g;344999;2,15€/u;['70% Descuento en la 2ª Unidad'];11_04_2021
Donuts Bombón 4 u 175g;545937;1,99€/u;['70% Descuento en la 2ª Unidad'];11_04_2021
Campofrío Salchichas Baviera 260g;493158;2,45€/u;['70% Descuento en la 2ª Unidad'];11_04_2021
Albal Bolsas herméticas  ziploc 20u;11731;3,59€/u;['70% Descuento en la 2ª Unidad'];11_04_2021
Tomate frito APIS, pack 3x215 g;11475;1,85€/u;['70% Descuento en la 2ª Unidad'];11_04_2021
Pepsi Cola Max zero azúcar lata 33cl;144852;0,58€/u;[];11_04_2021
Pescanova Corazón merluza sin piel 500g;7770;5,99€/u;['70% Descuento en la 2ª Unidad'];11_04_2021
Terra Vino tinto joven D.O. Cataluña 75cl;131066;3,59€/u;['70% Descuento en la 2ª Unidad', 'Productos catalanes'];11_04_2021
Dr. Oetker Pannini 4 quesos 250g;128063;3,09€/u;['70% Descuento en la 2ª Unidad'];11_04_2021
Alminuto de gulas al ajillo LA GULA DEL NORTE, sobre 135 g;38855;3,55€/u;['70% Descuento en la 2ª Unidad'];11_04_2021
Cepillo dental Cross Action medio ORAL-B, pack 1 ud.;67708;3,00€/u;['70% Descuento en la 2ª Unidad'];11_04_2021
Dr. Oetker Pizza Casa di Mama 4 quesos 395g;281000;3,95€/u;['70% Descuento en la 2ª Unidad'];11_04_2021
Old El Paso Flour tortillas 326g;54516;2,12€/u;['70% Descuento en la 2ª Unidad'];11_04_2021
Spontex Estropajo acero inoxidable 2u;38033;1,63€/u;['70% Descuento en la 2ª Unidad'];11_04_2021
Alminuto gulas-gambas al ajillo LA GULA DEL NORTE, sobre 135 g;38856;3,55€/u;['70% Descuento en la 2ª Unidad'];11_04_2021
Gullón Galletas maria sin gluten 400g;65239;2,19€/u;['70% Descuento en la 2ª Unidad', 'Sin gluten'];11_04_2021
Dr. Oetker Pannini jamón/queso 250g;128016;3,09€/u;['70% Descuento en la 2ª Unidad'];11_04_2021
Llet Nostra Leche semidesnatada botella 1,5l;184341;1,33€/u;['50% Descuento en la 2ª Unidad', 'Productos catalanes'];11_04_2021
Dry Nites Braguitas absorbentes niña 8-15 años 13u;252769;13,45€/u;['70% Descuento en la 2ª Unidad'];11_04_2021
Gamba Pelada 100/200 Eroski Basic 320g;318437;4,39€/u;['Precio Oferta', 'Eroski'];11_04_2021
Fusilli BARILLA, caja 500 g;562885;1,46€/u;['70% Descuento en la 2ª Unidad'];11_04_2021
Barilla Farfalle 500g;562860;1,46€/u;['70% Descuento en la 2ª Unidad'];11_04_2021
Amstel Radler Cerveza limón 0,0 lata 33CL;333848;0,65€/u;['Compra 4 uni. 0,57 € de descuento'];11_04_2021
Torres Vino rosado 75cl;283401;3,99€/u;['Precio Oferta', 'Productos catalanes'];11_04_2021
Marqués De Cáceres Vino tinto crianza D.O. Rioja 75cl;277800;6,95€/u;['Precio Oferta'];11_04_2021
Vino Tinto D.O. R. del Duero CELESTE, botella 75 cl;292258;7,99€/u;['Precio Oferta'];11_04_2021
Aneto Caldo natural pollo bajo en sal brik 1l;253283;3,59€/u;['70% Descuento en la 2ª Unidad'];11_04_2021
Vino Tinto Reserva Rioja PATERNINA, botella 75 cl;347011;9,62€/u;['70% Descuento en la 2ª Unidad'];11_04_2021
Tigre Queso fondue 400g;263584;5,50€/u;['Precio Oferta'];11_04_2021
Franziskaner Cerveza de trigo botella 50cl;65739;1,07€/u;['Precio Oferta'];11_04_2021
Dentífrico enjuague-blanqueante ORAL-B Complete, tubo 75 ml;299161;2,35€/u;['70% Descuento en la 2ª Unidad'];11_04_2021
Asturiana Leche sin lactosa calcio semidesnatada 1l;298196;0,89€/u;['Precio Oferta'];11_04_2021
Old Amsterdam Queso gouda viejo 250g;299767;4,49€/u;['Precio Oferta'];11_04_2021
Carbonell Aceite oliva 0,4º 1l;121428;3,29€/u;['Precio Oferta'];11_04_2021
Licor BAILEYS, botella 1 litro;126181;15,99€/u;['Precio Oferta'];11_04_2021
Can Duran Exentis Longaniza pieza 280g;300758;5,49€/u;['Precio Oferta'];11_04_2021
Cerveza 0,0% HEINEKEN, pack botellín 6x25 cl;327185;3,25€/u;['Precio Oferta'];11_04_2021
Veritas Nachos natural 125g;327984;1,28€/u;['Precio Oferta', 'Producto ecológico'];11_04_2021
Aceite virgen extra OLICASTELLÓ, garrafa 2 litros;306053;8,75€/u;['Precio Oferta', 'Producto de la Noguera'];11_04_2021
Artium Cava Brut nature 75cl. BAGES;306608;7,25€/u;['Precio Oferta', 'Producto del Bages'];11_04_2021
Castello Queso con piña 125g;286991;2,00€/u;['Precio Oferta'];11_04_2021
Ato Nata spray 250g;191377;1,69€/u;['Precio Oferta', 'Productos catalanes'];11_04_2021
Freixenet Cava Brut Cordon Negro 75cl;221950;6,49€/u;['Precio Oferta', 'Productos catalanes'];11_04_2021
Eroski Basic Champiñones laminados 3x105g;274334;1,95€/u;['Precio Oferta', 'Eroski Basic'];11_04_2021
Peñasol Vino tinto brik 1l;310225;1,25€/u;['Precio Oferta'];11_04_2021
Molí De Pomerí Salsa romesco 95g;314435;1,52€/u;['Precio Oferta'];11_04_2021
Peñasol Vino blanco brik 1l;310226;1,25€/u;['Precio Oferta'];11_04_2021
Cava Rosat Brut, botella 75 cl;308246;5,45€/u;['Precio Oferta'];11_04_2021
Pont Panceta curada natural 120g;288655;1,95€/u;['Precio Oferta', 'Productos catalanes'];11_04_2021
Frit Ravich Chips premium 170g;291907;1,59€/u;['70% Descuento en la 2ª Unidad'];11_04_2021
Bombay Ginebra Saphire 70cl;147004;18,95€/u;['Precio Oferta'];11_04_2021
Vino tinto D.O. Terra Alta HEREUS, botella 75 cl;304794;6,05€/u;['Precio Oferta'];11_04_2021
Dry Nites Braguitas absorbentes niña 3-5 años 16u;296822;13,45€/u;['70% Descuento en la 2ª Unidad'];11_04_2021
Vino Tinto Crianza Rioja VIÑA CUMBRERO, botella 75 cl;335405;5,09€/u;['70% Descuento en la 2ª Unidad'];11_04_2021
Pants de incontinencia plus Talla L TENA, paquete 14 uds;289828;15,00€/u;['70% Descuento en la 2ª Unidad'];11_04_2021
Dr. Oetker Cobertura de chocolate 100g;288962;1,89€/u;['70% Descuento en la 2ª Unidad'];11_04_2021
Sanex Desodorante roll on natur protect pieles sensibles 50ml;280229;2,25€/u;['70% Descuento en la 2ª Unidad'];11_04_2021
Altos De Tamarón Vino tinto crianza D.O. Ribera Duero 75cl;257810;6,75€/u;['Precio Oferta'];11_04_2021
Celta Leche sin lactosa semidesnatada 1l;305600;0,85€/u;['Precio Oferta'];11_04_2021
Maiz sabor original MISTERCORN, bolsa 141g;344111;1,55€/u;['70% Descuento en la 2ª Unidad'];11_04_2021
Rojalet Vino blanco bag in box D.O. Catalunya 3l;324747;8,50€/u;['Precio Oferta'];11_04_2021
Yema de espárrago mediana CARRETILLA, lata 135 g;298142;3,19€/u;['70% Descuento en la 2ª Unidad'];11_04_2021
Gallina Blanca Caldo casero para paella 1l;298663;2,99€/u;['70% Descuento en la 2ª Unidad'];11_04_2021
Oral B Dental multi protección 75ml;299099;3,25€/u;['70% Descuento en la 2ª Unidad'];11_04_2021
Oral B Dentífrico Pro-Expert sensibilidad+blanqueante 75ml;299159;3,35€/u;['70% Descuento en la 2ª Unidad'];11_04_2021
García Baquero Queso semicurado cuña 250g;161667;3,59€/u;['Precio Oferta'];11_04_2021
Torras Chocolate negro 60% sin azúcar con stevia 100g;295438;1,49€/u;['Precio Oferta'];11_04_2021
Detergente líquido Marsella EROSKI, garrafa 46 dosis;346180;2,90€/u;['Precio Oferta', 'Eroski', 'Producto nuevo'];11_04_2021
Puleva Leche entera ecológica brik 1l;164929;1,00€/u;['Precio Oferta'];11_04_2021
Mas Macia Vino tinto garnacha 75cl;331512;8,45€/u;['Precio Oferta', 'Producto de la Anoia'];11_04_2021
Caldirola Moscato blanco dulce 75cl;331633;3,59€/u;['Precio Oferta'];11_04_2021
Campofrio Salchicha doble 140g;332678;0,69€/u;['Precio Oferta'];11_04_2021
Espumoso sin alcohol FREIXENET, botella 75 cl;343661;5,30€/u;['Precio Oferta'];11_04_2021
Kh-7 Quitamanchas ropa 750ml;110815;3,69€/u;['50% Descuento en la 2ª Unidad'];11_04_2021
Pantene Champú + serum anti-edad BB7 360ml;314088;4,00€/u;['70% Descuento en la 2ª Unidad'];11_04_2021
Pantene Champú volumen con cuerpo 360ml;314087;4,00€/u;['70% Descuento en la 2ª Unidad'];11_04_2021
Caprice de Dieux Queso 200g;484560;4,15€/u;['70% Descuento en la 2ª Unidad'];11_04_2021
Maggi Puré de Patatas natural 230g;535524;1,60€/u;['70% Descuento en la 2ª Unidad'];11_04_2021
Isla Buda Arroz marisma 1kg;336665;2,75€/u;['Precio Oferta', 'Producto del Baix Ebre'];11_04_2021
Llet Nostra Leche entera botella 1,5l;184327;1,33€/u;['50% Descuento en la 2ª Unidad', 'Productos catalanes'];11_04_2021
Puleva Leche semidesnatada ecológica 1l.;806496;1,00€/u;['Precio Oferta'];11_04_2021
Pistacho tostado y salado BORGES, bolsa 130 g;297245;3,20€/u;['70% Descuento en la 2ª Unidad'];11_04_2021
Ferrer Garbanzos Pedrosillano 660g;288775;1,75€/u;['Precio Oferta', 'Productos catalanes'];11_04_2021
Baymar Berberecho artesanal 40/50 115g;316295;3,49€/u;['Precio Oferta'];11_04_2021
Vino blanco pansa blanca D.O. Alella SO, botella 75cl;316307;7,25€/u;['Precio Oferta', 'Producto del Maresme'];11_04_2021
Vino espumoso Can roda SO, botella 75 cl;316316;8,99€/u;['Precio Oferta', 'Producto del Maresme'];11_04_2021
Nestlé Chocolate 125g;316551;2,68€/u;['Precio Oferta'];11_04_2021
Freixenet Cava ice 75cl;322405;7,99€/u;['Precio Oferta'];11_04_2021
Colon Detergente gel 45 lavados;300807;9,99€/u;['70% Descuento en la 2ª Unidad'];11_04_2021
Sos Arroz bomba 1kg;303757;3,95€/u;['70% Descuento en la 2ª Unidad'];11_04_2021
Fairy Detergente vajillas a máquina Todo en 1 22+4 cápsulas;305917;7,75€/u;['70% Descuento en la 2ª Unidad'];11_04_2021
Dinosaurus de cereal a cucharadas ARTIACH, caja 350 g;325143;2,03€/u;['50% Descuento en la 2ª Unidad'];11_04_2021
Vileda Cubo escurridor superfacil;14287;12,33€/u;['70% Descuento en la 2ª Unidad'];11_04_2021
Magno Gel ducha rose 650ml;337250;2,95€/u;['70% Descuento en la 2ª Unidad'];11_04_2021
Magno Gel gold +100ml 650ml;294048;2,95€/u;['70% Descuento en la 2ª Unidad'];11_04_2021
Mermelada cero de naranja LA VIEJA FÁBRICA, frasco 280 g;341497;2,69€/u;['70% Descuento en la 2ª Unidad'];11_04_2021
Colon Limpia lavadora 250ml;322075;4,10€/u;['70% Descuento en la 2ª Unidad'];11_04_2021
Birba surtido Camprodon 500g;429810;6,39€/u;['Precio Oferta', 'Productos catalanes'];11_04_2021
Sanex Desodorante stick zero% sensitive 65ml;341771;3,35€/u;['70% Descuento en la 2ª Unidad'];11_04_2021
Noel Chorizo extra delizias corte fresco 100g;312033;1,99€/u;['70% Descuento en la 2ª Unidad', 'Productos catalanes'];11_04_2021
Noel Salchichón delizias corte fresco 100g;312036;1,99€/u;['70% Descuento en la 2ª Unidad', 'Productos catalanes'];11_04_2021
Noel Lomo curado delizias corte fresco 120g;312038;2,99€/u;['70% Descuento en la 2ª Unidad', 'Productos catalanes'];11_04_2021
Estropajo universal mosaik stop grasa SPONTEX, pack 2 uds;341840;1,99€/u;['70% Descuento en la 2ª Unidad'];11_04_2021
Sanex Desodorante spray zero% control 200ml;341777;3,35€/u;['70% Descuento en la 2ª Unidad'];11_04_2021
Friskies Menjar gat conill 1,5kg;14743;4,10€/u;['70% Descuento en la 2ª Unidad'];11_04_2021
Aroma de vainilla DR. OETKER, bote 8 ml;321939;1,92€/u;['70% Descuento en la 2ª Unidad', 'Producto ecológico'];11_04_2021
Dr. Oetker Estrellas y corazones de chocolate 37g;323835;3,79€/u;['70% Descuento en la 2ª Unidad'];11_04_2021
Lavazza Café expreso 250g;301570;3,28€/u;['Compra 3 y Paga 2'];11_04_2021
Barrilla Tortiglioni 500g;31614;1,49€/u;['70% Descuento en la 2ª Unidad'];11_04_2021
Receta del cortijo SARASA, tarrina 450 g;328107;2,99€/u;['70% Descuento en la 2ª Unidad'];11_04_2021
Pantene Acondicionador reparador 200ml;328167;3,95€/u;['70% Descuento en la 2ª Unidad'];11_04_2021
Pantene Acondicionador 3 minutos 200ml;337162;3,89€/u;['70% Descuento en la 2ª Unidad'];11_04_2021
Champú PANTENE Repara&Protege, bote 360 ml;314081;4,00€/u;['70% Descuento en la 2ª Unidad'];11_04_2021
Pantene Champú suave y liso 360ml;314085;4,00€/u;['70% Descuento en la 2ª Unidad'];11_04_2021
Fructis Mascarilla fortificante hidra liso, difícil alisar 300ml;328176;3,80€/u;['70% Descuento en la 2ª Unidad'];11_04_2021
Fructis Mascarilla nutri repair 3 300ml;328177;3,80€/u;['70% Descuento en la 2ª Unidad'];11_04_2021
Lavazza Café espresso armonico 10 cápsulas;333367;3,00€/u;['Compra 3 y Paga 2'];11_04_2021
Lavazza Café espress deciso 10 cápsulas;333368;2,99€/u;['Compra 3 y Paga 2'];11_04_2021
Café Crema E Gusto LAVAZZA, paquete 250 g;335926;2,55€/u;['Compra 3 y Paga 2'];11_04_2021
Friskies Menjar gat peix 1,5kg;8292;4,10€/u;['70% Descuento en la 2ª Unidad'];11_04_2021
Pierrot Neceser bucal adulto 1u;325187;4,09€/u;['70% Descuento en la 2ª Unidad'];11_04_2021
Galleta Crocant chocolate GULLÓN Vitalday, paquete 280 g;325172;1,55€/u;['70% Descuento en la 2ª Unidad'];11_04_2021
Ortiz Pan tostado integral 30 rebanadas 324g;325226;1,89€/u;['70% Descuento en la 2ª Unidad'];11_04_2021
Champú 3en1 prevención caída con bambú PANTENE, bote 300 ml;343410;4,00€/u;['70% Descuento en la 2ª Unidad'];11_04_2021
Toothpick interdental PIERROT, pack 40 uds.;343909;2,99€/u;['70% Descuento en la 2ª Unidad'];11_04_2021
Serpis Aceitunas rellenas Gran Selección 150g;8733;1,62€/u;['70% Descuento en la 2ª Unidad'];11_04_2021
Fructis Champú hidra-rizos 360ml;325276;3,89€/u;['70% Descuento en la 2ª Unidad'];11_04_2021
Fructis Champu adios daños 360ml;325277;3,89€/u;['70% Descuento en la 2ª Unidad'];11_04_2021
Fructis Champú fuerza & brillo 360ml;325278;3,89€/u;['70% Descuento en la 2ª Unidad'];11_04_2021
Plumero desechable 3 recambios EROSKI, pack 1 ud;344974;1,32€/u;['70% Descuento en la 2ª Unidad', 'Eroski', 'Producto nuevo'];11_04_2021
Babalà Vino blanco simpático. L'EMPORDÀ;301969;5,99€/u;['50% Descuento en la 2ª Unidad', 'Producto del Alt Empordà'];11_04_2021
A.aguinaga Anillas rebozadas 300g;305008;3,99€/u;['50% Descuento en la 2ª Unidad'];11_04_2021
Escofet Cava brut reservat 75cl;323142;7,99€/u;['50% Descuento en la 2ª Unidad'];11_04_2021
Bargallo Aceite v.extra coupa hoja picual 750ml;322798;5,45€/u;['70% Descuento en la 2ª Unidad'];11_04_2021
Galleta Digestive de avena-naranja GULLÓN, caja 425 g;325170;1,40€/u;['70% Descuento en la 2ª Unidad'];11_04_2021
Acondicionador 3 m. rizos PANTENE, tubo 200 ml;334603;3,99€/u;['70% Descuento en la 2ª Unidad'];11_04_2021
Gullon Galleta digest muesl 365g;334657;1,46€/u;['70% Descuento en la 2ª Unidad'];11_04_2021
Acondicionador 3 minute prevención caída PANTENE, tubo 200 ml;343408;3,99€/u;['70% Descuento en la 2ª Unidad'];11_04_2021
Café soluble 3en1 NESCAFÉ, paquete 170 g;345794;2,50€/u;['50% Descuento en la 2ª Unidad'];11_04_2021
Pantene Champú purificante cabello graso 360ml;314090;4,00€/u;['70% Descuento en la 2ª Unidad'];11_04_2021
Pantene Champú rizos perfectos 360ml;314091;4,00€/u;['70% Descuento en la 2ª Unidad'];11_04_2021
Kellogg's Rice krispies 340g;331064;3,08€/u;['70% Descuento en la 2ª Unidad'];11_04_2021
Café en grano qualitá rossa LAVAZZA, paquete 500 g;350958;7,99€/u;['Compra 3 y Paga 2'];11_04_2021
Pantene Acondicionador suave y liso 300ml;314097;4,00€/u;['70% Descuento en la 2ª Unidad'];11_04_2021
Pantene Champú anti-caspa 360ml;314094;4,00€/u;['70% Descuento en la 2ª Unidad'];11_04_2021
Pantene Acondicionador repara y protege 300ml;314098;4,00€/u;['70% Descuento en la 2ª Unidad'];11_04_2021
Vileda Cepillo fibras antichoque;12629;5,07€/u;['70% Descuento en la 2ª Unidad'];11_04_2021
Viledas Salvauñas antibacterias 2+1u;13130;2,30€/u;['70% Descuento en la 2ª Unidad'];11_04_2021
Fructis Champú cabellos grasos 360ml;325340;3,89€/u;['70% Descuento en la 2ª Unidad'];11_04_2021
Arroz especial para paella SOS, paquete 1 kg;335326;2,89€/u;['70% Descuento en la 2ª Unidad'];11_04_2021
Ducros Molinillo de sal blanca Mediterráneo 90g;335341;2,25€/u;['70% Descuento en la 2ª Unidad'];11_04_2021
Sanex Desodorante spray natural protector invisible 200ml;325354;3,39€/u;['70% Descuento en la 2ª Unidad'];11_04_2021
Sanex Desodorante roll-on natural protector invisible 50ml;325355;2,25€/u;['70% Descuento en la 2ª Unidad'];11_04_2021
Compta ovelles vino blanco D.O Penedés 75cl;321966;4,99€/u;['50% Descuento en la 2ª Unidad'];11_04_2021
Pedro Luis Alubias arrocina 500g;333225;2,10€/u;['70% Descuento en la 2ª Unidad', 'Productos catalanes'];11_04_2021
Estropajo ultra fresh VILEDA, pack 3 unid.;334431;2,15€/u;['70% Descuento en la 2ª Unidad'];11_04_2021
Acondicionador 3 m. suave-liso PANTENE, tubo 200 ml;334601;3,89€/u;['70% Descuento en la 2ª Unidad'];11_04_2021
Artiach Galleta Dinosaurus chocolate blanco 360g;316653;2,69€/u;['50% Descuento en la 2ª Unidad'];11_04_2021
Croquetas caseras de bacalao BO DE DEBO, 10 unid., bandeja 295 g;318098;3,69€/u;['50% Descuento en la 2ª Unidad'];11_04_2021
Cerrato Queso viejo leche cruda cuña 225g;321247;2,75€/u;['70% Descuento en la 2ª Unidad'];11_04_2021
Gelatina en láminas DR.OETKER, sobre 20 g;321938;1,80€/u;['70% Descuento en la 2ª Unidad'];11_04_2021
Zumo detox de pera-manzana VIANATURE, botella 250 ml;342929;1,25€/u;['70% Descuento en la 2ª Unidad'];11_04_2021
Zumo mango-maracuya-ginseng vital. VIANATURE, botella 250 ml;342930;1,25€/u;['70% Descuento en la 2ª Unidad'];11_04_2021
Dr.Oetker Pizza spinacci Ristorante 390g;253649;3,51€/u;['50% Descuento en la 2ª Unidad'];11_04_2021
Pedro Luís Alubia roja cocida frasco 660g;314380;1,99€/u;['70% Descuento en la 2ª Unidad', 'Productos catalanes'];11_04_2021
Noel Pechuga finas lonchas de pavo 180g;339864;1,85€/u;['70% Descuento en la 2ª Unidad', 'Productos catalanes'];11_04_2021
Bebida de avena-almendras GERBLÉ, brik 1 litro;316048;3,15€/u;['70% Descuento en la 2ª Unidad'];11_04_2021
Nestlé Tableta chocolate negro 125g;316556;2,05€/u;['70% Descuento en la 2ª Unidad'];11_04_2021
Bo De Debò Paella 300g;284899;3,99€/u;['50% Descuento en la 2ª Unidad'];11_04_2021
Nestle Chocolate negro 70% 125g;317889;2,45€/u;['70% Descuento en la 2ª Unidad'];11_04_2021
Pasta de dientes 3Dw luxe perfección ORAL-B, tubo 75 ml;320011;3,45€/u;['70% Descuento en la 2ª Unidad'];11_04_2021
Colutorio limpieza profunda ORAL-B Pro-Expert, botella 500 ml;320017;5,05€/u;['70% Descuento en la 2ª Unidad'];11_04_2021
Lavavajillas máquina gel vinagre SOMAT, botella 50 dosis;332760;9,70€/u;['70% Descuento en la 2ª Unidad'];11_04_2021
Sanex Desodorante roll-on zero% extra control 50ml;341767;2,25€/u;['70% Descuento en la 2ª Unidad'];11_04_2021
Dr. Oetker Pizza funghi 365g;287802;3,51€/u;['50% Descuento en la 2ª Unidad'];11_04_2021
Dr. Oetker Pizza barbacoa Ristorante 370g;308763;3,51€/u;['50% Descuento en la 2ª Unidad'];11_04_2021
vino dulce garnacha d¿Empordà  ESPOLLA;301980;4,99€/u;['50% Descuento en la 2ª Unidad', 'Producto del Alt Empordà'];11_04_2021
Somat Lavavajillas máquina gel antigrasa 50d;332761;9,70€/u;['70% Descuento en la 2ª Unidad'];11_04_2021
Barritas Chunky de chocolate con leche KIT KAT, pack 4x40 g;344402;2,45€/u;['70% Descuento en la 2ª Unidad'];11_04_2021
